{"cameraMode":{"drawMode":0,"name":"Shaded","section":"Shading Mode"},"sceneLighting":false,"audioPlay":false,"sceneViewState":{"m_AlwaysRefresh":false,"showFog":true,"showSkybox":false,"showFlares":true,"showImageEffects":true,"showParticleSystems":true,"showVisualEffectGraphs":true,"m_FxEnabled":true},"in2DMode":false,"pivot":{"x":3.0000834465026857,"y":0.6709263920783997,"z":10.338891983032227},"rotation":{"x":0.21831916272640229,"y":0.07778684794902802,"z":-0.01746281050145626,"w":0.9725987911224365},"size":1.099242925643921,"orthographic":false}