{"cameraMode":{"drawMode":0,"name":"Shaded","section":"Shading Mode"},"sceneLighting":true,"audioPlay":false,"sceneViewState":{"m_AlwaysRefresh":false,"showFog":true,"showSkybox":true,"showFlares":true,"showImageEffects":true,"showParticleSystems":true,"showVisualEffectGraphs":true,"m_FxEnabled":true},"in2DMode":false,"pivot":{"x":2.5292601585388185,"y":-9.062247276306153,"z":30.94925308227539},"rotation":{"x":0.20679478347301484,"y":0.04382489621639252,"z":-0.009269566275179387,"w":0.9773017764091492},"size":22.907960891723634,"orthographic":false}