{"cameraMode":{"drawMode":0,"name":"Shaded","section":"Shading Mode"},"sceneLighting":true,"audioPlay":false,"sceneViewState":{"m_AlwaysRefresh":false,"showFog":true,"showSkybox":true,"showFlares":true,"showImageEffects":true,"showParticleSystems":true,"showVisualEffectGraphs":true,"m_FxEnabled":true},"in2DMode":false,"pivot":{"x":0.5143948197364807,"y":-3.0556447505950929,"z":26.0161075592041},"rotation":{"x":0.09436921775341034,"y":0.014746546745300293,"z":-0.001396519597619772,"w":0.9954085946083069},"size":15.762445449829102,"orthographic":false}