{"cameraMode":{"drawMode":0,"name":"Shaded","section":"Shading Mode"},"sceneLighting":true,"audioPlay":false,"sceneViewState":{"m_AlwaysRefresh":false,"showFog":true,"showSkybox":true,"showFlares":true,"showImageEffects":true,"showParticleSystems":true,"showVisualEffectGraphs":true,"m_FxEnabled":true},"in2DMode":false,"pivot":{"x":2.445873260498047,"y":0.3688487112522125,"z":-9.802454948425293},"rotation":{"x":0.2933468520641327,"y":0.03441192954778671,"z":-0.018952524289488794,"w":0.9551863074302673},"size":7.457826614379883,"orthographic":false}